{"cameraMode":{"drawMode":0,"name":"Shaded","section":"Shading Mode"},"sceneLighting":false,"audioPlay":false,"sceneViewState":{"m_AlwaysRefresh":false,"showFog":false,"showSkybox":false,"showFlares":false,"showImageEffects":false,"showParticleSystems":false,"showVisualEffectGraphs":true,"m_FxEnabled":true},"in2DMode":false,"pivot":{"x":-0.023747146129608156,"y":0.8635233640670776,"z":0.005697369575500488},"rotation":{"x":0.015731075778603555,"y":0.9838055968284607,"z":-0.13666194677352906,"w":0.1154344230890274},"size":1.2281978130340577,"orthographic":false}