{"cameraMode":{"drawMode":0,"name":"Shaded","section":"Shading Mode"},"sceneLighting":false,"audioPlay":false,"sceneViewState":{"m_AlwaysRefresh":false,"showFog":true,"showSkybox":true,"showFlares":true,"showImageEffects":true,"showParticleSystems":true,"showVisualEffectGraphs":true,"m_FxEnabled":true},"in2DMode":false,"pivot":{"x":4.172325134277344e-7,"y":0.9048106670379639,"z":-0.1525154858827591},"rotation":{"x":0.015731075778603555,"y":0.9838055968284607,"z":-0.13666194677352906,"w":0.1154344230890274},"size":1.4665272235870362,"orthographic":false}