{"cameraMode":{"drawMode":0,"name":"Shaded","section":"Shading Mode"},"sceneLighting":false,"audioPlay":false,"sceneViewState":{"m_AlwaysRefresh":false,"showFog":true,"showSkybox":true,"showFlares":true,"showImageEffects":true,"showParticleSystems":true,"showVisualEffectGraphs":true,"m_FxEnabled":true},"in2DMode":false,"pivot":{"x":4.76837158203125e-7,"y":0.9048106670379639,"z":-0.1525154858827591},"rotation":{"x":0.07636932283639908,"y":0.9203316569328308,"z":-0.30761438608169558,"w":0.2294754832983017},"size":1.4665273427963257,"orthographic":false}