{"cameraMode":{"drawMode":0,"name":"Shaded","section":"Shading Mode"},"sceneLighting":true,"audioPlay":false,"sceneViewState":{"m_AlwaysRefresh":false,"showFog":true,"showSkybox":true,"showFlares":true,"showImageEffects":true,"showParticleSystems":true,"showVisualEffectGraphs":true,"m_FxEnabled":true},"in2DMode":false,"pivot":{"x":117.64546203613281,"y":13.724507331848145,"z":-103.29940795898438},"rotation":{"x":-0.16185928881168366,"y":0.6125046610832214,"z":-0.13097409904003144,"w":-0.7629039883613586},"size":32.125267028808597,"orthographic":true}