{"cameraMode":{"drawMode":0,"name":"Shaded","section":"Shading Mode"},"sceneLighting":true,"audioPlay":false,"sceneViewState":{"m_AlwaysRefresh":false,"showFog":true,"showSkybox":true,"showFlares":true,"showImageEffects":true,"showParticleSystems":true,"showVisualEffectGraphs":true,"m_FxEnabled":true},"in2DMode":false,"pivot":{"x":0.01165008544921875,"y":9.980998992919922,"z":1.3254499435424805},"rotation":{"x":-0.035077959299087527,"y":-0.733903169631958,"z":0.03619322553277016,"w":-0.6777337789535523},"size":9.564579010009766,"orthographic":true}