{"cameraMode":{"drawMode":0,"name":"Shaded","section":"Shading Mode"},"sceneLighting":true,"audioPlay":false,"sceneViewState":{"m_AlwaysRefresh":false,"showFog":true,"showSkybox":true,"showFlares":true,"showImageEffects":true,"showParticleSystems":true,"showVisualEffectGraphs":true,"m_FxEnabled":true},"in2DMode":false,"pivot":{"x":-0.24635416269302369,"y":9.723760604858399,"z":-9.789948463439942},"rotation":{"x":-0.04667966812849045,"y":0.43189260363578799,"z":-0.022643595933914186,"w":-0.9005833268165588},"size":1.311569094657898,"orthographic":true}