{"cameraMode":{"drawMode":0,"name":"Shaded","section":"Shading Mode"},"sceneLighting":true,"audioPlay":false,"sceneViewState":{"m_AlwaysRefresh":false,"showFog":true,"showSkybox":true,"showFlares":true,"showImageEffects":true,"showParticleSystems":true,"showVisualEffectGraphs":true,"m_FxEnabled":true},"in2DMode":false,"pivot":{"x":-1.4728002548217774,"y":11.59470272064209,"z":8.969969749450684},"rotation":{"x":0.058619849383831027,"y":-0.8852925300598145,"z":0.4471682012081146,"w":0.11669012159109116},"size":1965.9185791015625,"orthographic":true}