{"cameraMode":{"drawMode":0,"name":"Shaded","section":"Shading Mode"},"sceneLighting":false,"audioPlay":false,"sceneViewState":{"m_AlwaysRefresh":false,"showFog":false,"showSkybox":false,"showFlares":false,"showImageEffects":false,"showParticleSystems":false,"showVisualEffectGraphs":true,"m_FxEnabled":true},"in2DMode":false,"pivot":{"x":-0.011496782302856446,"y":1.343259334564209,"z":-0.026651620864868165},"rotation":{"x":0.01392495445907116,"y":0.9856762886047363,"z":-0.10989391058683396,"w":0.1276543140411377},"size":0.6747178435325623,"orthographic":false}